H_degree,DL_LteThp(bps),DL_NrDlThp(bps),DL_LteAck%,DL_LteNack%,DL_LteDtx%,DL_LteBLER%,DL_LteThp%,DL_NrAck%,DL_NrNack%,DL_NrDtx%,DL_NrBLER%,DL_NrThp%,UL_LteAck%,UL_LteNack%,UL_LteDtx%,UL_LteBLER%,UL_NrAck%,UL_NrNack%,UL_NrDtx%,UL_NrBLER%,UL_LteThp%,UL_LteTph(bps),UL_NrThp%,UL_NrTph(bps),Lte_RSRP(dBm),Lte_RSRQ(dBm),NR_RSRP(dBm),NR_RSRQ(dBm),NR_SINR(dBm),UE_PowerMeas(mW),NRULpwr(dBm),NRDLpwr(dBm),LTEULpwr(dBm),LTEDLpwr(dBm) 
0,27141000,10264000,99.44444,0,0.5555556,0.5555556,99.43944,51.15789,13.47368,35.36842,48.84211,51.1563,99,1,0,1,0,0,100,100,98.99697,31386000,0,0,-92,-10,-66,-10,23.5,3084.58,0,10.1,0,-52.2
0.495867769,27294000,12494000,100,0,0,0,100,62.30599,13.85809,23.83592,37.69401,62.308,100,0,0,0,0,0,100,100,100,31704000,0,0,-92,-10,-66,-10,23.5,3094.78,0,10.1,0,-52.2
0.991735537,27294000,10865000,100,0,0,0,100,54.15205,14.97076,30.87719,45.84795,54.15171,100,0,0,0,0,0,100,100,100,31704000,0,0,-92,-10,-66,-10,23.5,3083.75,0,10.1,0,-52.2
1.487603306,27294000,10583000,100,0,0,0,100,52.54989,14.19069,33.25942,47.45011,52.54837,100,0,0,0,0,0,100,100,100,31704000,0,0,-92,-10,-67,-10.5,23.5,3107.41,0,10.1,0,-52.2
1.983471074,27294000,11160000,100,0,0,0,100,55.59247,12.51384,31.89369,44.40753,55.59153,100,0,0,0,0,0,100,100,100,31704000,0,0,-92,-10,-67,-10.5,23.5,3108.39,0,10.1,0,-52.2
2.479338843,27294000,11334000,100,0,0,0,100,56.25692,14.83942,28.90365,43.74308,56.25405,100,0,0,0,0,0,100,100,100,31704000,0,0,-92,-10,-67,-10.5,23.5,3108.39,0,10.1,0,-52.2
2.975206612,27294000,11803000,100,0,0,0,100,59.02547,10.07752,30.89701,40.97453,59.02366,100,0,0,0,0,0,100,100,100,31704000,0,0,-92,-10,-66,-10.5,23.5,3129,0,10.1,0,-52.2
3.47107438,27294000,12413000,100,0,0,0,100,63.56589,11.18494,25.24917,36.43411,63.56164,100,0,0,0,0,0,100,100,100,31704000,0,0,-92,-10,-66,-10.5,23.5,3129,0,10.1,0,-52.2
3.966942149,27294000,13751000,100,0,0,0,100,68.73614,9.645233,21.61863,31.26386,68.73629,100,0,0,0,0,0,100,100,100,31704000,0,0,-92,-10,-66,-10.5,23.5,3145.23,0,10.1,0,-52.2
4.462809917,27294000,12872000,100,0,0,0,100,64.19069,8.536585,27.27273,35.80931,64.1931,100,0,0,0,0,0,100,100,100,31704000,0,0,-92,-9.5,-66,-10.5,23.5,3129.61,0,10.1,0,-52.2
4.958677686,27294000,14666000,100,0,0,0,100,73.05987,8.980044,17.96009,26.94013,73.06004,100,0,0,0,0,0,100,100,100,31704000,0,0,-92,-10,-66,-10.5,23.5,3226.36,0,10.1,0,-52.2
5.454545455,27294000,11850000,100,0,0,0,100,60.02215,11.51717,28.46069,39.97785,60.01993,100,0,0,0,0,0,100,100,100,31704000,0,0,-92,-9.5,-66,-10.5,23.5,3215.22,0,10.1,0,-52.2
5.950413223,27294000,12226000,100,0,0,0,100,60.93567,13.09942,25.96491,39.06433,60.93501,100,0,0,0,0,0,100,100,100,31704000,0,0,-92,-9.5,-66,-10.5,23.5,3222.34,0,10.1,0,-52.2
6.446280992,27294000,11287000,100,0,0,0,100,56.65188,11.08647,32.26164,43.34812,56.6527,100,0,0,0,0,0,100,100,100,31704000,0,0,-92,-9.5,-66,-10.5,23.5,3200.06,0,10.1,0,-52.2
6.94214876,27294000,11827000,100,0,0,0,100,59.7561,13.30377,26.94013,40.2439,59.75464,100,0,0,0,0,0,100,100,100,31704000,0,0,-92,-9.5,-66,-10.5,23.5,3217.12,0,10.1,0,-52.2
7.438016529,27294000,10728000,100,0,0,0,100,53.47368,13.05263,33.47368,46.52632,53.4689,100,0,0,0,0,0,100,100,100,31704000,0,0,-92,-9.5,-66,-10.5,23.5,3278.11,0,10.1,0,-52.2
7.933884298,27294000,9832000,100,0,0,0,100,48.89135,13.85809,37.25055,51.10865,48.89288,100,0,0,0,0,0,100,100,100,31704000,0,0,-92,-9.5,-65,-10.5,23.5,3278.11,0,10.1,0,-52.2
8.429752066,27294000,10254000,100,0,0,0,100,50.88692,15.29933,33.81375,49.11308,50.88769,100,0,0,0,0,0,100,100,100,31704000,0,0,-92,-9.5,-65,-10.5,23.5,3216.75,0,10.1,0,-52.2
8.925619835,27294000,10653000,100,0,0,0,100,53.0454,13.06755,33.88704,46.9546,53.0411,100,0,0,0,0,0,100,100,100,31704000,0,0,-92,-9.5,-65,-10.5,23.5,3250.76,0,10.1,0,-52.2
9.421487603,27294000,11182000,100,0,0,0,100,55.36842,16.84211,27.78947,44.63158,55.36782,100,0,0,0,0,0,100,100,100,31704000,0,0,-92,-9.5,-65,-10.5,23.5,3235.45,0,10.1,0,-52.2
9.917355372,27294000,12343000,100,0,0,0,100,60.86475,14.52328,24.61197,39.13525,60.86675,100,0,0,0,0,0,100,100,100,31704000,0,0,-92,-9.5,-64,-10.5,23.5,3241.66,0,10.1,0,-52.2
10.41322314,27294000,12827000,100,0,0,0,100,63.78947,11.89474,24.31579,36.21053,63.78589,100,0,0,0,0,0,100,100,100,31704000,0,0,-92,-9.5,-64,-10.5,23.5,3228.16,0,10.1,0,-52.2
10.90909091,27294000,13316000,100,0,0,0,100,66.40798,10.64302,22.949,33.59202,66.40734,100,0,0,0,0,0,100,100,100,31704000,0,0,-92,-9.5,-64,-10.5,23.5,3221.35,0,10.1,0,-52.2
11.40495868,27294000,12413000,100,0,0,0,100,61.86253,13.5255,24.61197,38.13747,61.86415,100,0,0,0,0,0.3289474,99.67105,100,100,31704000,0,0,-92,-9.5,-65,-10.5,23.5,3244.52,0,10.1,0,-52.2
11.90082645,27294000,11616000,100,0,0,0,100,58.02879,13.732,28.2392,41.97121,58.0274,100,0,0,0,0,0,100,100,100,31704000,0,0,-92,-10,-65,-10.5,23.5,3121.47,0,10.1,0,-52.2
12.39669421,27294000,11604000,100,0,0,0,100,57.8714,17.18404,24.94457,42.1286,57.86954,100,0,0,0,0,0,100,100,100,31704000,0,0,-92,-10,-65,-10.5,23.5,3092.91,0,10.1,0,-52.2
12.89256198,27294000,11968000,100,0,0,0,100,60.24363,12.51384,27.24252,39.75637,60.2391,100,0,0,0,0,0,100,100,100,31704000,0,0,-92,-9.5,-65,-10.5,23.5,3113.09,0,10.1,0,-52.2
13.38842975,27294000,12953000,100,0,0,0,100,65.52106,15.18847,19.29047,34.47894,65.51965,100,0,0,0,0,0,100,100,100,31704000,0,0,-92,-9.5,-65,-10.5,23.5,3123.25,0,10.1,0,-52.2
13.88429752,27294000,11052000,100,0,0,0,100,56.03544,12.07087,31.89369,43.96456,56.03487,100,0,0,0,0,0.3289474,99.67105,100,100,31704000,0,0,-92,-10,-65,-10.5,23.5,3064.24,0,10.1,0,-52.2
14.38016529,27294000,12249000,100,0,0,0,100,61.24031,13.17829,25.5814,38.75969,61.24035,100,0,0,0,0,0.3289474,99.67105,100,100,31704000,0,0,-92,-9.5,-65,-10.5,23.5,3109.52,0,10.1,0,-52.2
14.87603306,27294000,11287000,100,0,0,0,100,55.48173,15.39313,29.12514,44.51827,55.48194,100,0,0,0,0,0,100,100,100,31704000,0,0,-92,-9.5,-65,-10.5,23.5,3108.86,0,10.1,0,-52.2
15.37190083,27294000,11827000,100,0,0,0,100,58.42572,13.30377,28.27051,41.57428,58.42809,100,0,0,0,0,0,100,100,100,31704000,0,0,-92,-9.5,-65,-10.5,23.5,3097.92,0,10.1,0,-52.2
15.8677686,27294000,11498000,100,0,0,0,100,56.81063,10.63123,32.55814,43.18937,56.80697,100,0,0,0,0,0,100,100,100,31704000,0,0,-92,-9.5,-65,-10.5,23.5,3105.14,0,10.1,0,-52.2
16.36363636,27294000,11049000,100,0,0,0,100,56.31579,11.15789,32.52632,43.68421,56.31479,100,0,0,0,0,0,100,100,100,31704000,0,0,-92,-9.5,-65,-10.5,23.5,3084.79,0,10.1,0,-52.2
16.85950413,27294000,11428000,100,0,0,0,100,56.25692,10.18826,33.55482,43.74308,56.25405,100,0,0,0,0,0,100,100,100,31704000,0,0,-92,-9.5,-64,-10.5,23.5,3146.49,0,10.1,0,-52.2
17.3553719,27294000,11193000,100,0,0,0,100,55.78947,10.17544,34.03509,44.21053,55.78648,100,0,0,0,0,0,100,100,100,31704000,0,0,-92,-9.5,-64,-10.5,23.5,3066.03,0,10.1,0,-52.2
17.85123967,27294000,11428000,100,0,0,0,100,56.25692,11.18494,32.55814,43.74308,56.25405,100,0,0,0,0,0,100,100,100,31704000,0,0,-92,-9.5,-64,-10.5,23.5,3101.09,0,10.1,0,-52.2
18.34710744,27294000,11874000,100,0,0,0,100,59.18129,10.99415,29.82456,40.81871,59.18062,100,0,0,0,0,0,100,100,100,31704000,0,0,-92,-9.5,-64,-10.5,19.5,3064.55,0,10.1,0,-52.2
18.84297521,27294000,12789000,100,0,0,0,100,63.01218,14.5072,22.48062,36.98782,63.00872,100,0,0,0,0,0,100,100,100,31704000,0,0,-92,-9.5,-64,-10.5,19,3117.11,0,10.1,0,-52.2
19.33884298,27294000,12742000,100,0,0,0,100,63.30377,13.96896,22.72727,36.69623,63.30541,100,0,0,0,0,0,100,100,100,31704000,0,0,-93,-9.5,-64,-10.5,19,3063.12,0,10.1,0,-52.2
19.83471074,27294000,11357000,100,0,0,0,100,56.60819,13.21637,30.17544,43.39181,56.60387,100,0,0,0,0,0,100,100,100,31704000,0,0,-93,-9.5,-64,-10.5,20.5,3077.62,0,10.1,0,-52.2
20.33057851,27294000,13072000,100,0,0,0,100,65.11628,13.62126,21.26246,34.88372,65.11582,100,0,0,0,0,0,100,100,100,31704000,0,0,-93,-9.5,-64,-10.5,20.5,3081.93,0,10.1,0,-52.2
20.82644628,27294000,11287000,100,0,0,0,100,56.58915,12.18162,31.22924,43.41085,56.5878,100,0,0,0,0,0,100,100,100,31704000,0,0,-93,-10,-64,-10.5,20.5,3071.63,0,10.1,0,-52.2
21.32231405,27294000,12649000,100,0,0,0,100,63.08204,12.30599,24.61197,36.91796,63.08099,100,0,0,0,0,0,100,100,100,31704000,0,0,-93,-9.5,-64,-10.5,20.5,3087.38,0,10.1,0,-52.2
21.81818182,27294000,12742000,100,0,0,0,100,62.67996,13.06755,24.25249,37.32004,62.67995,100,0,0,0,0,0,100,100,100,31704000,0,0,-93,-9.5,-64,-10.5,21,3084.45,0,10.1,0,-52.2
22.31404959,27294000,13235000,100,0,0,0,100,65.52106,12.19512,22.28381,34.47894,65.51965,100,0,0,0,0,0,100,100,100,31704000,0,0,-93,-9.5,-64,-10.5,19.5,3105.81,0,10.1,0,-52.2
22.80991736,27294000,14494000,100,0,0,0,100,72.20377,9.856035,17.9402,27.79623,72.19925,100,0,0,0,0,0,100,100,100,31704000,0,0,-93,-9.5,-64,-10.5,19,3072.35,0,10.1,0,-52.2
23.30578512,27294000,12296000,100,0,0,0,100,62.30599,11.86253,25.83149,37.69401,62.308,100,0,0,0,0,0,100,100,100,31704000,0,0,-93,-9.5,-64,-10.5,21.5,3109.3,0,10.1,0,-52.2
23.80165289,27294000,14854000,100,0,0,0,100,74.03509,7.368421,18.59649,25.96491,74.03309,100,0,0,0,0,0,100,100,100,31704000,0,0,-93,-9.5,-65,-10.5,23.5,3073.48,0,10.1,0,-52.2
24.29752066,27294000,15317000,100,0,0,0,100,76.30122,6.423034,17.27575,23.69878,76.29888,100,0,0,0,0,0,100,100,100,31704000,0,0,-93,-10,-65,-10.5,23.5,3117.42,0,10.1,0,-52.2
24.79338843,27294000,14583000,100,0,0,0,100,72.64673,5.094131,22.25914,27.35327,72.64259,100,0,0,0,0,0,100,100,100,31704000,0,0,-93,-9.5,-65,-10.5,23.5,3084.36,0,10.1,0,-52.2
25.2892562,27294000,15417000,100,0,0,0,100,76.84211,5.614035,17.54386,23.15789,76.83911,100,0,0,0,0,0,100,100,100,31704000,0,0,-93,-10,-65,-10.5,23.5,3084.36,0,10.1,0,-52.2
25.78512397,27294000,16590000,100,0,0,0,100,82.83499,3.543743,13.62126,17.16501,82.83437,100,0,0,0,0,0,100,100,100,31704000,0,0,-93,-9.5,-65,-10.5,23.5,3090.38,0,10.1,0,-52.2
26.28099174,27294000,16027000,100,0,0,0,100,80.06645,3.986711,15.94684,19.93355,80.06476,100,0,0,0,0,0,100,100,100,31704000,0,0,-94,-10,-65,-10.5,23.5,3090.38,0,10.1,0,-52.2
26.7768595,27294000,16802000,100,0,0,0,100,83.92461,2.10643,13.96896,16.07539,83.92679,100,0,0,0,0,0,100,100,100,31704000,0,0,-94,-10,-65,-10.5,23.5,3117.78,0,10.1,0,-52.2
27.27272727,27294000,15606000,100,0,0,0,100,78.10526,3.894737,18,21.89474,78.10506,100,0,0,0,0,0,100,100,100,31704000,0,0,-94,-10,-65,-10.5,23.5,3081.62,0,10.1,0,-52.2
27.76859504,27294000,17118000,100,0,0,0,100,85.27132,3.433001,11.29568,14.72868,85.27024,100,0,0,0,0,0,100,100,100,31704000,0,0,-94,-10,-65,-10.5,23.5,3064.25,0,10.1,0,-52.2
28.26446281,27294000,17096000,100,0,0,0,100,85.36842,3.894737,10.73684,14.63158,85.36683,100,0,0,0,0,0,100,100,100,31704000,0,0,-94,-10,-65,-10.5,23.5,3075.2,0,10.1,0,-52.2
28.76033058,27294000,17881000,100,0,0,0,100,89.12281,1.403509,9.473684,10.87719,89.11982,100,0,0,0,0,0,100,100,100,31704000,0,0,-94,-10,-65,-10.5,23.5,3090.93,0,10.1,0,-52.2
29.25619835,27294000,16473000,100,0,0,0,100,82.17054,2.879291,14.95017,17.82946,82.16687,100,0,0,0,0.6578947,0,99.34211,99.34211,100,31704000,0.6496752,39000,-94,-10,-65,-10.5,23.5,3091.78,0,10.1,0,-52.2
29.75206612,27294000,18726000,100,0,0,0,100,93.34812,1.995565,4.656319,6.651885,93.3473,100,0,0,0,25.98684,0.6578947,73.35526,74.01316,100,31704000,25.98701,1560000,-94,-10,-65,-10.5,23.5,3091.24,0,10.1,0,-52.2
30.24793388,27294000,18092000,100,0,0,0,100,90.69767,1.993355,7.30897,9.302326,90.69489,100,0,0,0,38.15789,0.6578947,61.18421,61.84211,100,31704000,38.14759,2290000,-94,-10,-65,-10.5,23.5,3139.06,0,10.1,0,-52.2
30.74380165,27294000,17693000,100,0,0,0,100,88.26135,2.768549,8.9701,11.73865,88.25903,100,0,0,0,0,0,100,100,100,31704000,0,0,-95,-10,-65,-10.5,23.5,3134.09,0,10.1,0,-52.2
31.23966942,27124000,17646000,99.4152,0.5847953,0,0.5847953,99.41013,87.58315,2.439024,9.977827,12.41685,87.58229,100,0,0,0,0,0,100,100,100,31704000,0,0,-95,-10,-66,-10.5,23.5,3112.19,0,10.1,0,-52.2
31.73553719,27133000,18210000,99.4152,0.5847953,0,0.5847953,99.41013,90.5765,2.439024,6.984479,9.423503,90.57949,100,0,0,0,1.315789,0,98.68421,98.68421,100,31704000,1.29935,78000,-95,-10,-66,-10.5,23.5,3140.19,0,10.1,0,-52.2
32.23140496,27133000,18585000,99.4152,0.5847953,0,0.5847953,99.41013,92.80177,1.550388,5.647841,7.198228,92.80199,100,0,0,0,33.55263,2.631579,63.81579,66.44737,100,31704000,33.54989,2014000,-95,-10,-66,-10.5,23.5,3119.59,0,10.1,0,-52.2
32.72727273,26954000,18726000,98.83041,1.169591,0,1.169591,98.82025,93.02326,3.654485,3.322259,6.976744,93.02117,100,0,0,0,81.57895,2.631579,15.78947,18.42105,100,31704000,81.57588,4897000,-95,-10,-67,-10.5,23.5,3119.22,0,10.1,0,-52.2
33.2231405,27124000,15717000,99.38272,0.617284,0,0.617284,99.37715,78.29457,7.751938,13.95349,21.70543,78.29141,100,0,0,0,61.18421,34.53947,4.276316,38.81579,100,31704000,61.18607,3673000,-95,-10,-67,-10.5,23.5,3127.72,0,10.1,0,-52.2
33.71900826,27124000,14385000,99.4152,0.5847953,0,0.5847953,99.41013,70.76412,13.28904,15.94684,29.23588,70.75965,100,0,0,0,45.39474,44.40789,10.19737,54.60526,100,31704000,45.39397,2725000,-96,-10,-67,-10.5,23.5,3148.2,0,10.1,0,-52.2
34.21487603,27124000,11026000,99.38272,0.617284,0,0.617284,99.37715,54.98891,9.756098,35.25499,45.01109,54.98703,100,0,0,0,0,0,100,100,100,31704000,0,0,-96,-10,-67,-10.5,23.5,3172.38,0,10.1,0,-52.2
34.7107438,26784000,11005000,98.24561,1.754386,0,1.754386,98.23038,54.8538,10.40936,34.73684,45.1462,54.84948,100,0,0,0,0,0,100,100,100,31704000,0,0,-96,-10,-67,-10.5,23.5,3179.36,0,10.1,0,-52.2
35.20661157,27294000,11049000,100,0,0,0,100,55.03876,12.07087,32.89037,44.96124,55.03861,100,0,0,0,0,0,100,100,100,31704000,0,0,-96,-9.5,-67,-10.5,23.5,3167.51,0,10.1,0,-52.2
35.70247934,27133000,11287000,99.4152,0.5847953,0,0.5847953,99.41013,57.64967,9.756098,32.59424,42.35033,57.65011,100,0,0,0,0,0,100,100,100,31704000,0,0,-96,-10,-67,-10.5,23.5,3163.08,0,10.1,0,-52.2
36.19834711,27294000,11382000,100,0,0,0,100,56.52632,11.89474,31.57895,43.47368,56.52412,100,0,0,0,0,0,100,100,100,31704000,0,0,-96,-9.5,-67,-10.5,23.5,3190.21,0,10.1,0,-52.2
36.69421488,27294000,11716000,100,0,0,0,100,58.36102,11.40642,30.23256,41.63898,58.36115,100,0,0,0,0,0,100,100,100,31704000,0,0,-97,-10,-67,-10.5,23.5,3190.69,0,10.1,0,-52.2
37.19008264,27133000,12160000,99.44444,0.5555556,0,0.5555556,99.43944,60.57586,9.634551,29.78959,39.42414,60.57285,100,0,0,0,0,0,100,100,100,31704000,0,0,-97,-10,-67,-10.5,23.5,3158.07,0,10.1,0,-52.2
37.68595041,26954000,12883000,98.83041,1.169591,0,1.169591,98.82025,63.89812,9.856035,26.24585,36.10188,63.89539,100,0,0,0,0,0,100,100,100,31704000,0,0,-97,-10,-66,-10.5,23.5,3174.49,0,10.1,0,-52.2
38.18181818,27133000,13024000,99.4152,0.5847953,0,0.5847953,99.41013,65.18847,8.203991,26.60754,34.81153,65.1905,100,0,0,0,0,0,100,100,100,31704000,0,0,-97,-9.5,-66,-10.5,23.5,3139.67,0,10.1,0,-52.2
38.67768595,27124000,14294000,99.4152,0.5847953,0,0.5847953,99.41013,71.36842,7.473684,21.15789,28.63158,71.36663,100,0,0,0,0,0,100,100,100,31704000,0,0,-97,-10,-65,-10.5,23.5,3145.02,0,10.1,0,-52.2
39.17355372,27294000,13821000,100,0,0,0,100,68.88889,7.602339,23.50877,31.11111,68.88457,100,0,0,0,0,0,100,100,100,31704000,0,0,-98,-10,-65,-10.5,23.5,3153.82,0,10.1,0,-52.2
39.66942149,27133000,14386000,99.4152,0.5847953,0,0.5847953,99.41013,70.52632,6.315789,23.15789,29.47368,70.52432,100,0,0,0,0,0,100,100,100,31704000,0,0,-98,-10,-65,-10.5,23.5,3216.73,0,10.1,0,-52.2
40.16528926,27294000,12343000,100,0,0,0,100,61.86253,9.201774,28.9357,38.13747,61.86415,100,0,0,0,0,0,100,100,100,31704000,0,0,-98,-9.5,-65,-10.5,23.5,3255.96,0,10.1,0,-52.2
40.66115702,27124000,13305000,99.4152,0.5847953,0,0.5847953,99.41013,65.96452,10.75388,23.2816,34.03548,65.96349,100,0,0,0,0,0,100,100,100,31704000,0,0,-98,-10,-65,-10.5,23.5,3249.58,0,10.1,0,-52.2
41.15702479,26823000,12805000,98.33333,1.666667,0,1.666667,98.35861,63.78738,8.9701,27.24252,36.21262,63.7858,100,0,0,0,0,0,100,100,100,31704000,0,0,-98,-9.5,-65,-10.5,23.5,3193.54,0,10.1,0,-52.2
41.65289256,26972000,10715000,98.83041,1.169591,0,1.169591,98.82025,53.37763,10.40975,36.21262,46.62237,53.37484,100,0,0,0,0,0,100,100,100,31704000,0,0,-98,-10,-65,-10.5,23.5,3348.82,0,10.1,0,-52.2
42.14876033,26501000,13258000,97.07602,2.923977,0,2.923977,97.0946,66.44518,6.312292,27.24252,33.55482,66.44085,100,0,0,0,0,0,100,100,100,31704000,0,0,-98,-10,-65,-10.5,23.5,3338.49,0,10.1,0,-52.2
42.6446281,27136000,13892000,99.38272,0.617284,0,0.617284,99.42112,69.23977,5.497076,25.26316,30.76023,69.23844,100,0,0,0,0,0,100,100,100,31704000,0,0,-99,-10,-65,-10.5,23.5,3283.16,0,10.1,0,-52.2
43.14049587,26972000,14339000,98.88889,1.111111,0,1.111111,98.87887,71.68421,6.210526,22.10526,28.31579,71.68062,100,0,0,0,0,0,100,100,100,31704000,0,0,-99,-9.5,-65,-10.5,23.5,3301.98,0,10.1,0,-52.2
43.63636364,27294000,15228000,100,0,0,0,100,73.78947,5.684211,20.52632,26.21053,73.78888,100,0,0,0,0,0,100,100,100,31704000,0,0,-99,-10,-65,-10.5,23.5,3287.25,0,10.1,0,-52.2
44.1322314,27294000,15050000,100,0,0,0,100,74.52632,4.315789,21.15789,25.47368,74.52153,100,0,0,0,0,0,100,100,100,31704000,0,0,-99,-10,-65,-10.5,23.5,3307.08,0,10.1,0,-52.2
44.62809917,26650000,14971000,97.66082,2.339181,0,2.339181,97.64051,74.08638,4.651163,21.26246,25.91362,74.08219,100,0,0,0,0,0,100,100,100,31704000,0,0,-99,-9.5,-66,-10.5,23.5,3299.11,0,10.1,0,-52.2
45.12396694,27124000,15495000,99.38272,0.617284,0,0.617284,99.37715,77.27273,4.767184,17.96009,22.72727,77.27409,100,0,0,0,0,0,100,100,100,31704000,0,0,-99,-9.5,-66,-10.5,23.5,3287.26,0,10.1,0,-52.2
45.61983471,26652000,15863000,97.66082,2.339181,0,2.339181,97.7724,79.06433,4.795322,16.14035,20.93567,79.062,100,0,0,0,0,0,100,100,100,31704000,0,0,-99,-9.5,-66,-10.5,23.5,3340,0,10.1,0,-52.2
46.11570248,26954000,16784000,98.83041,1.169591,0,1.169591,98.82025,83.61019,5.094131,11.29568,16.38981,83.60648,100,0,0,0,0,0,100,100,100,31704000,0,0,-99,-9.5,-66,-10.5,23.5,3289.96,0,10.1,0,-52.2
46.61157025,26275000,16356000,96.49123,3.508772,0,3.508772,96.46076,82.37251,4.988914,12.63858,17.62749,82.37582,100,0,0,0,0,0,100,100,100,31704000,0,0,-99,-10,-67,-10.5,23.5,3429.05,0,10.1,0,-52.2
47.10743802,26954000,15384000,98.24561,1.754386,0,1.754386,98.27435,76.63344,5.094131,18.27243,23.36656,76.63263,100,0,0,0,0,0,100,100,100,31704000,0,0,-100,-9.5,-67,-10.5,23.5,3393.05,0,10.1,0,-52.2
47.60330579,26328000,15347000,96.49123,3.508772,0,3.508772,96.46076,75.83149,6.873614,17.2949,24.16851,75.83283,100,0,0,0,0,0,100,100,100,31704000,0,0,-100,-10,-67,-10.5,23.5,3489.49,0,10.1,0,-52.2
48.09917355,27011000,12059000,98.88889,1.111111,0,1.111111,98.96314,60.10526,9.578947,30.31579,39.89474,60.10267,100,0,0,0,0,0,100,100,100,31704000,0,0,-100,-10,-67,-10.5,23.5,3520.36,0,10.1,0,-52.2
48.59504132,26093000,13205000,95.55556,4.444444,0,4.444444,95.59977,65.78947,7.368421,26.84211,34.21053,65.78947,100,0,0,0,0,0,100,100,100,31704000,0,0,-100,-10,-67,-10.5,23.5,3515.88,0,10.1,0,-52.2
49.09090909,26784000,12906000,98.24561,1.754386,0,1.754386,98.23038,64.32749,9.356725,26.31579,35.67251,64.32416,100,0,0,0,0,0,100,100,100,31704000,0,0,-101,-10,-67,-10.5,23.5,3667.19,0,10.1,0,-52.2
49.58677686,26954000,13751000,98.88889,1.111111,0,1.111111,98.87887,69.06874,6.651885,24.27938,30.93126,69.07042,100,0,0,0,0,0,100,100,100,31704000,0,0,-101,-10,-67,-10.5,23.5,3512.1,0,10.1,0,-52.2
50.08264463,25960000,13821000,95.32164,4.678363,0,4.678363,95.36895,68.95787,5.764967,25.27716,31.04213,68.9607,100,0,0,0,0,0,100,100,100,31704000,0,0,-101,-10,-66,-10.5,23.5,3521.58,0,10.1,0,-52.2
50.5785124,26972000,13704000,98.83041,1.169591,0,1.169591,98.82025,69.29047,5.764967,24.94457,30.70953,69.28985,100,0,0,0,0,0,100,100,100,31704000,0,0,-102,-9.5,-66,-10.5,23.5,3534.7,0,10.1,0,-52.2
51.07438017,25608000,13282000,94.15205,5.847953,0,5.847953,94.14523,65.52106,8.86918,25.60976,34.47894,65.51965,100,0,0,0,0,0,100,100,100,31704000,0,0,-102,-10,-66,-10.5,23.5,3769.69,0,10.1,0,-52.2
51.57024793,26627000,12296000,97.66082,2.339181,0,2.339181,97.68447,61.46179,11.96013,26.57807,38.53821,61.45953,100,0,0,0,0,0,100,100,100,31704000,0,0,-102,-9.5,-65,-10.5,23.5,3784.82,0,10.1,0,-52.2
52.0661157,25386000,14117000,93.33333,6.666667,0,6.666667,93.36118,70.42105,10.63158,18.94737,29.57895,70.41966,100,0,0,0,0,0,100,100,100,31704000,0,0,-102,-9.5,-65,-10.5,23.5,3681.63,0,10.1,0,-52.2
52.56198347,26811000,11849000,98.24561,1.754386,0,1.754386,98.23038,59.02547,13.39978,27.57475,40.97453,59.02366,100,0,0,0,0,0,100,100,100,31704000,0,0,-103,-9.5,-65,-10.5,23.5,3758.44,0,10.1,0,-52.2
53.05785124,26340000,11804000,96.49123,3.508772,0,3.508772,96.50473,58.80399,13.95349,27.24252,41.19601,58.7995,100,0,0,0,0,0.3289474,99.67105,100,100,31704000,0,0,-103,-9.5,-65,-10.5,23.5,3804.06,0,10.1,0,-52.2
53.55371901,26457000,11921000,96.49123,3.508772,0,3.508772,96.50473,59.86696,13.1929,26.94013,40.13304,59.86934,100,0,0,0,0,0.3289474,99.67105,100,100,31704000,0,0,-103,-9.5,-65,-10.5,23.5,3752.78,0,10.1,0,-52.2
54.04958678,26287000,12316000,96.49123,3.508772,0,3.508772,96.50473,62.42105,13.26316,24.31579,37.57895,62.42026,100,0,0,0,0,0,100,100,100,31704000,0,0,-103,-10,-65,-10.5,23.5,3762.41,0,10.1,0,-52.2
54.54545455,26614000,12484000,97.66082,2.339181,0,2.339181,97.64051,62.7907,10.96346,26.24585,37.2093,62.78954,100,0,0,0,0,0.3289474,99.67105,100,100,31704000,0,0,-104,-9.5,-65,-10.5,23.5,3772.28,0,10.1,0,-52.2
55.04132231,26614000,13774000,97.66082,2.339181,0,2.339181,97.64051,69.84479,10.19956,19.95565,30.15521,69.84341,100,0,0,0,1.644737,1.973684,96.38158,98.35526,100,31704000,1.632517,98000,-104,-9.5,-65,-10.5,23.5,3781.43,0,10.1,0,-52.2
55.53719008,26287000,14948000,96.49123,3.508772,0,3.508772,96.50473,74.75083,9.966777,15.28239,25.24917,74.74969,100,0,0,0,2.631579,3.947368,93.42105,97.36842,100,31704000,2.615359,157000,-105,-9.5,-66,-10.5,23.5,3772.74,0,10.1,0,-52.2
56.03305785,26811000,15228000,98.33333,1.666667,0,1.666667,98.31831,75.57895,9.578947,14.84211,24.42105,75.57815,100,0,0,0,14.80263,20.39474,64.80263,85.19737,100,31704000,14.7926,888000,-105,-9.5,-66,-10.5,23.5,3764.11,0,10.1,0,-52.2
56.52892562,26340000,15273000,96.11111,3.888889,0,3.888889,96.12003,76.07973,7.30897,16.6113,23.92027,76.0797,100,0,0,0,21.71053,23.35526,54.93421,78.28947,100,31704000,21.70581,1303000,-105,-9.5,-66,-10.5,23.5,3772.93,0,10.1,0,-52.2
57.02479339,26784000,16238000,98.24561,1.754386,0,1.754386,98.23038,80.7309,8.305648,10.96346,19.2691,80.72727,100,0,0,0,70.72368,19.73684,9.539474,29.27632,100,31704000,70.71464,4245000,-105,-9.5,-67,-10.5,23.5,3785.41,0,10.1,0,-52.2
57.52066116,26006000,16168000,95.32164,4.678363,0,4.678363,95.28101,81.15299,7.206208,11.6408,18.84701,81.154,100,0,0,0,79.27632,20.72368,0,20.72368,100,31704000,79.27703,4759000,-105,-9.5,-67,-10.5,23.5,3755.65,0,10.1,0,-52.2
58.01652893,26972000,19030000,98.88889,1.111111,0,1.111111,98.87887,94.90022,2.439024,2.660754,5.099778,94.90325,100,0,0,0,97.36842,2.631579,0,2.631579,100,31704000,97.36798,5845000,-105,-10,-67,-10.5,23.5,3776.74,0,10.1,0,-52.2
58.51239669,26179000,19805000,96.11111,3.888889,0,3.888889,96.12003,98.78049,0.5543237,0.6651885,1.219512,98.78316,100,0,0,0,99.67105,0.3289474,0,0.3289474,100,31704000,99.66683,5983000,-105,-10,-67,-10.5,23.5,3781.89,0,10.1,0,-52.2
59.00826446,26999000,17529000,98.88889,1.111111,0,1.111111,98.91918,87.36842,5.052632,7.578947,12.63158,87.36543,100,0,0,0,66.44737,31.90789,1.644737,33.55263,100,31704000,66.43345,3988000,-105,-10,-67,-10.5,23.5,3789.73,0,10.1,0,-52.2
59.50413223,25685000,17060000,94.15205,5.847953,0,5.847953,94.10493,85.27132,6.75526,7.973422,14.72868,85.27024,100,0,0,0,55.59211,43.09211,1.315789,44.40789,100,31704000,55.58887,3337000,-105,-10,-66,-10.5,23.5,3902.95,0,10.1,0,-52.2
60,26489000,15675000,97.07602,2.923977,0,2.923977,97.05063,78.04878,8.64745,13.30377,21.95122,78.05206,100,0,0,0,36.18421,63.81579,0,63.81579,100,31704000,36.18191,2172000,-104,-10,-66,-10.5,23.5,3881.65,0,10.1,0,-52.2
60.49586777,26972000,17340000,98.88889,1.111111,0,1.111111,98.87887,86.37874,8.637874,4.983389,13.62126,86.37609,100,0,0,0,63.15789,36.84211,0,36.84211,100,31704000,63.15176,3791000,-104,-10,-67,-10.5,23.5,3747.83,0,10.1,0,-52.2
60.99173554,26627000,18632000,97.07602,2.923977,0,2.923977,97.0946,92.3588,4.983389,2.657807,7.641196,92.35866,100,0,0,0,85.19737,14.80263,0,14.80263,100,31704000,85.19074,5114000,-104,-10,-67,-10.5,23.5,3726.63,0,10.1,0,-52.2
61.48760331,26287000,19360000,96.49123,3.508772,0,3.508772,96.50473,96.67406,1.662971,1.662971,3.325942,96.67365,100,0,0,0,94.07895,5.921053,0,5.921053,100,31704000,94.06963,5647000,-104,-10,-67,-10.5,23.5,3771.28,0,10.1,0,-52.2
61.98347107,26377000,20064000,96.66667,3.333333,0,3.333333,96.64029,100,0,0,0,100,100,0,0,0,100,0,0,0,100,31704000,100,6003000,-104,-10,-67,-10.5,23.5,3771.87,0,10.1,0,-52.2
62.47933884,26835000,20021000,98.33333,1.666667,0,1.666667,98.31831,99.78947,0.2105263,0,0.2105263,99.78569,100,0,0,0,99.67105,0.3289474,0,0.3289474,100,31704000,99.66683,5983000,-104,-10,-67,-10.5,23.5,3765.91,0,10.1,0,-52.2
62.97520661,26117000,19274000,95.90643,4.093567,0,4.093567,95.91485,96.31579,3.052632,0.6315789,3.684211,96.3118,100,0,0,0,97.69737,2.302632,0,2.302632,100,31704000,97.68449,5864000,-103,-10,-67,-10.5,23.5,3769.5,0,10.1,0,-52.2
63.47107438,26823000,20040000,98.24561,1.754386,0,1.754386,98.27435,99.66777,0.3322259,0,0.3322259,99.66625,100,0,0,0,98.68421,1.315789,0,1.315789,100,31704000,98.68399,5924000,-103,-10,-68,-10.5,23.5,3764.62,0,10.1,0,-52.2
63.96694215,26105000,19735000,95.32164,4.678363,0,4.678363,95.28101,98.44789,1.219512,0.3325942,1.552106,98.44903,100,0,0,0,99.67105,0.3289474,0,0.3289474,100,31704000,99.66683,5983000,-104,-10,-68,-10.5,23.5,3772.81,0,10.1,0,-52.2
64.46280992,26784000,16919000,98.24561,1.754386,0,1.754386,98.23038,84.25721,7.760532,7.982262,15.74279,84.26092,100,0,0,0,62.17105,37.5,0.3289474,37.82895,100,31704000,62.16892,3732000,-104,-10,-69,-10.5,23.5,3731.12,0,10.1,0,-52.2
64.95867769,26105000,16518000,95.90643,4.093567,0,4.093567,95.87089,82.63158,11.68421,5.684211,17.36842,82.63058,100,0,0,0,57.89474,41.44737,0.6578947,42.10526,100,31704000,57.88772,3475000,-104,-10,-69,-10.5,23.5,3774.02,0,10.1,0,-52.2
65.45454545,26954000,17388000,98.24561,1.754386,0,1.754386,98.23038,86.58537,7.427938,5.986696,13.41463,86.58488,100,0,0,0,74.34211,25.65789,0,25.65789,100,31704000,74.3295,4462000,-104,-10,-70,-10.5,23.5,3750.03,0,10.1,0,-52.2
65.95041322,25935000,16778000,94.73684,5.263158,0,5.263158,94.6948,83.62573,7.251462,9.122807,16.37427,83.62241,100,0,0,0,74.01316,25.98684,0,25.98684,100,31704000,74.01299,4443000,-104,-10,-70,-10.5,23.5,3739.74,0,10.1,0,-52.2
66.44628099,26984000,17740000,98.83041,1.169591,0,1.169591,98.86422,88.47007,5.875831,5.654102,11.52993,88.46998,100,0,0,0,89.14474,10.85526,0,10.85526,100,31704000,89.13876,5351000,-103,-10,-70,-10.5,23.5,3734.3,0,10.1,0,-52.2
66.94214876,26117000,18538000,95.32164,4.678363,0,4.678363,95.32498,92.35033,4.988914,2.660754,7.649667,92.34989,100,0,0,0,91.11842,8.881579,0,8.881579,100,31704000,91.12111,5470000,-103,-10,-70,-10.5,23.5,3722.83,0,10.1,0,-52.2
67.43801653,27124000,20040000,99.4152,0.5847953,0,0.5847953,99.41013,99.88304,0.1169591,0,0.1169591,99.88038,100,0,0,0,99.01316,0.9868421,0,0.9868421,100,31704000,99.0005,5943000,-103,-10,-70,-10.5,23.5,3737.17,0,10.1,0,-52.2
67.9338843,26105000,19993000,95.32164,4.678363,0,4.678363,95.28101,99.66741,0.3325942,0,0.3325942,99.67086,100,0,0,0,99.67105,0.3289474,0,0.3289474,100,31704000,99.66683,5983000,-103,-10,-71,-10.5,23.5,3767.38,0,10.1,0,-52.2
68.42975207,26972000,20052000,98.83041,1.169591,0,1.169591,98.82025,100,0,0,0,100,100,0,0,0,100,0,0,0,100,31704000,100,6003000,-103,-10,-73,-10.5,23.5,3781.05,0,10.1,0,-52.2
68.92561983,26006000,20064000,95.32164,4.678363,0,4.678363,95.28101,100,0,0,0,100,100,0,0,0,100,0,0,0,100,31704000,100,6003000,-103,-10,-74,-10.5,23.5,3744.43,0,10.1,0,-52.2
69.4214876,26967000,20064000,98.83041,1.169591,0,1.169591,98.86422,100,0,0,0,100,100,0,0,0,100,0,0,0,100,31704000,100,6003000,-103,-10,-74,-10.5,23.5,3756.19,0,10.1,0,-52.2
69.91735537,25846000,20064000,94.73684,5.263158,0,5.263158,94.6948,100,0,0,0,100,100,0,0,0,100,0,0,0,100,31704000,100,6003000,-102,-10,-75,-10.5,23.5,3755.48,0,10.1,0,-52.2
70.41322314,26811000,20064000,98.24561,1.754386,0,1.754386,98.23038,100,0,0,0,100,100,0,0,0,100,0,0,0,100,31704000,100,6003000,-102,-10,-75,-10.5,23.5,3743.17,0,10.1,0,-52.2
70.90909091,26275000,20064000,96.49123,3.508772,0,3.508772,96.46076,100,0,0,0,100,100,0,0,0,100,0,0,0,100,31704000,100,6003000,-102,-10,-76,-10.5,23.5,3772.44,0,10.1,0,-52.2
71.40495868,26797000,20064000,98.14815,1.851852,0,1.851852,98.17909,100,0,0,0,100,100,0,0,0,100,0,0,0,100,31704000,100,6003000,-102,-10,-76,-10.5,23.5,3757.84,0,10.1,0,-52.2
71.90082645,26614000,20076000,97.66082,2.339181,0,2.339181,97.64051,100,0,0,0,100,100,0,0,0,100,0,0,0,100,31704000,100,6003000,-102,-10,-77,-10.5,23.5,3744.76,0,10.1,0,-52.2
72.39669421,27124000,20064000,99.4152,0.5847953,0,0.5847953,99.41013,100,0,0,0,100,100,0,0,0,100,0,0,0,100,31704000,100,6003000,-102,-10,-76,-10.5,23.5,3757.23,0,10.1,0,-52.2
72.89256198,26614000,20075000,97.53086,2.469136,0,2.469136,97.50861,100,0,0,0,100,100,0,0,0,100,0,0,0,100,31704000,100,6003000,-102,-10,-75,-10.5,23.5,3734.75,0,10.1,0,-52.2
73.38842975,26811000,20052000,97.77778,2.222222,0,2.222222,97.75775,100,0,0,0,100,100,0,0,0,100,0,0,0,100,31704000,100,6003000,-101,-10,-74,-10.5,23.5,3744.32,0,10.1,0,-52.2
73.88429752,27124000,20064000,99.4152,0.5847953,0,0.5847953,99.41013,100,0,0,0,100,100,0,0,0,100,0,0,0,100,31704000,100,6003000,-101,-10,-73,-10.5,23.5,3719.18,0,10.1,0,-52.2
74.38016529,26967000,20064000,98.83041,1.169591,0,1.169591,98.86422,100,0,0,0,100,100,0,0,0,100,0,0,0,100,31704000,100,6003000,-101,-10,-73,-10.5,23.5,3739.39,0,10.1,0,-52.2
74.87603306,27133000,19941000,99.4152,0.5847953,0,0.5847953,99.41013,99.33555,0.6644518,0,0.6644518,99.3325,100,0,0,0,99.67105,0.3289474,0,0.3289474,100,31704000,99.66683,5983000,-101,-10,-73,-10.5,23.5,3744.37,0,10.1,0,-52.2
75.37190083,27141000,19895000,99.44444,0.5555556,0,0.5555556,99.43944,99.15789,0.8421053,0,0.8421053,99.1577,100,0,0,0,100,0,0,0,100,31704000,100,6003000,-101,-10,-74,-10.5,23.5,3759.13,0,10.1,0,-52.2
75.8677686,27141000,19873000,99.44444,0.5555556,0,0.5555556,99.43944,99.05263,0.9473684,0,0.9473684,99.04805,100,0,0,0,100,0,0,0,100,31704000,100,6003000,-101,-10,-75,-10.5,23.5,3767.79,0,10.1,0,-52.2
76.36363636,27124000,19688000,99.4152,0.5847953,0,0.5847953,99.41013,98.22616,1.773836,0,1.773836,98.2296,100,0,0,0,99.67105,0.3289474,0,0.3289474,100,31704000,99.66683,5983000,-101,-10,-76,-10.5,23.5,3761.85,0,10.1,0,-52.2
76.85950413,27294000,20017000,100,0,0,0,100,99.77852,0.2214839,0,0.2214839,99.77584,100,0,0,0,100,0,0,0,100,31704000,100,6003000,-101,-10,-76,-10.5,23.5,3732.92,0,10.1,0,-52.2
77.3553719,27294000,20064000,100,0,0,0,100,100,0,0,0,100,100,0,0,0,100,0,0,0,100,31704000,100,6003000,-101,-10,-76,-10.5,23.5,3772.7,0,10.1,0,-52.2
77.85123967,27294000,20064000,100,0,0,0,100,100,0,0,0,100,100,0,0,0,100,0,0,0,100,31704000,100,6003000,-101,-10,-77,-10.5,23.5,3724.99,0,10.1,0,-52.2
78.34710744,27133000,20064000,99.4152,0.5847953,0,0.5847953,99.41013,100,0,0,0,100,100,0,0,0,100,0,0,0,100,31704000,100,6003000,-101,-10,-77,-10.5,23.5,3796.32,0,10.1,0,-52.2
78.84297521,27294000,20064000,100,0,0,0,100,100,0,0,0,100,100,0,0,0,100,0,0,0,100,31704000,100,6003000,-101,-10,-78,-10.5,23.5,3740.2,0,10.1,0,-52.2
79.33884298,27133000,20064000,99.4152,0.5847953,0,0.5847953,99.41013,100,0,0,0,100,100,0,0,0,100,0,0,0,100,31704000,100,6003000,-101,-10,-79,-10.5,23.5,3746.65,0,10.1,0,-52.2
79.83471074,26972000,20064000,98.83041,0.5847953,0.5847953,1.169591,98.82025,100,0,0,0,100,99.49749,0.5025126,0,0.5025126,100,0,0,0,99.49596,31386000,100,6003000,-100,-10,-79,-10.5,23.5,3736.9,0,10.1,0,-52.2
80.33057851,27124000,20064000,99.44444,0.5555556,0,0.5555556,99.43944,100,0,0,0,100,100,0,0,0,100,0,0,0,100,31704000,100,6003000,-100,-10,-79,-10.5,23.5,3735.67,0,10.1,0,-52.2
80.82644628,26811000,20064000,98.24561,1.754386,0,1.754386,98.23038,100,0,0,0,100,100,0,0,0,100,0,0,0,100,31704000,100,6003000,-100,-10,-79,-10.5,23.5,3696.24,0,10.1,0,-52.2
81.32231405,26954000,20052000,98.83041,1.169591,0,1.169591,98.82025,100,0,0,0,100,100,0,0,0,100,0,0,0,100,31704000,100,6003000,-100,-10,-78,-10.5,23.5,3790.46,0,10.1,0,-52.2
81.81818182,27124000,20064000,99.4152,0.5847953,0,0.5847953,99.41013,100,0,0,0,100,100,0,0,0,100,0,0,0,100,31704000,100,6003000,-100,-10,-78,-10.5,23.5,3761.4,0,10.1,0,-52.2
82.31404959,26377000,20064000,96.66667,3.333333,0,3.333333,96.64029,100,0,0,0,100,100,0,0,0,100,0,0,0,100,31704000,100,6003000,-100,-10,-78,-10.5,23.5,3760.11,0,10.1,0,-52.2
82.80991736,26954000,20075000,98.83041,1.169591,0,1.169591,98.82025,100,0,0,0,100,100,0,0,0,100,0,0,0,100,31704000,100,6003000,-100,-10,-79,-10.5,23.5,3757.75,0,10.1,0,-52.2
83.30578512,26328000,20064000,96.49123,3.508772,0,3.508772,96.46076,100,0,0,0,100,100,0,0,0,100,0,0,0,100,31704000,100,6003000,-100,-10,-79,-10.5,23.5,3748.85,0,10.1,0,-52.2
83.80165289,26972000,20075000,98.88889,1.111111,0,1.111111,98.87887,100,0,0,0,100,100,0,0,0,100,0,0,0,100,31704000,100,6003000,-100,-10,-79,-10.5,23.5,3881.49,0,10.1,0,-52.2
84.29752066,26275000,20064000,96.49123,3.508772,0,3.508772,96.46076,100,0,0,0,100,100,0,0,0,100,0,0,0,100,31704000,100,6003000,-100,-10,-79,-10.5,23.5,3882.72,0,10.1,0,-52.2
84.79338843,27294000,20064000,100,0,0,0,100,100,0,0,0,100,100,0,0,0,100,0,0,0,100,31704000,100,6003000,-100,-10,-79,-10.5,23.5,3866.38,0,10.1,0,-52.2
85.2892562,26489000,20052000,97.07602,2.923977,0,2.923977,97.05063,100,0,0,0,100,100,0,0,0,100,0,0,0,100,31704000,100,6003000,-100,-10,-79,-10.5,23.5,3876.66,0,10.1,0,-52.2
85.78512397,27133000,20075000,99.4152,0.5847953,0,0.5847953,99.41013,100,0,0,0,100,100,0,0,0,100,0,0,0,100,31704000,100,6003000,-100,-10,-79,-10.5,23.5,3752.65,0,10.1,0,-52.2
86.28099174,27133000,20052000,99.44444,0.5555556,0,0.5555556,99.43944,100,0,0,0,100,100,0,0,0,100,0,0,0,100,31704000,100,6003000,-100,-10,-79,-10.5,23.5,3737.16,0,10.1,0,-52.2
86.7768595,27133000,20064000,99.4152,0.5847953,0,0.5847953,99.41013,100,0,0,0,100,100,0,0,0,100,0,0,0,100,31704000,100,6003000,-100,-10,-79,-10.5,23.5,3807.55,0,10.1,0,-52.2
87.27272727,27133000,20064000,99.4152,0.5847953,0,0.5847953,99.41013,100,0,0,0,100,100,0,0,0,100,0,0,0,100,31704000,100,6003000,-100,-10,-80,-10.5,23.5,3759.14,0,10.1,0,-52.2
87.76859504,27124000,20064000,99.4152,0.5847953,0,0.5847953,99.41013,100,0,0,0,100,100,0,0,0,100,0,0,0,100,31704000,100,6003000,-100,-10,-81,-10.5,23.5,3764.79,0,10.1,0,-52.2
88.26446281,26954000,20064000,98.83041,1.169591,0,1.169591,98.82025,100,0,0,0,100,100,0,0,0,100,0,0,0,100,31704000,100,6003000,-100,-10,-82,-10.5,23.5,3748.61,0,10.1,0,-52.2
88.76033058,27124000,20052000,99.38272,0.617284,0,0.617284,99.37715,100,0,0,0,100,100,0,0,0,100,0,0,0,100,31704000,100,6003000,-100,-10,-82,-10.5,23.5,3771.37,0,10.1,0,-52.2
89.25619835,26784000,20064000,97.66082,2.339181,0,2.339181,97.64051,100,0,0,0,100,99,1,0,1,100,0,0,0,98.99697,31386000,100,6003000,-100,-10,-83,-10.5,23.5,3744.85,0,10.1,0,-52.2
89.75206612,26967000,20075000,98.76543,1.234568,0,1.234568,98.80193,100,0,0,0,100,100,0,0,0,100,0,0,0,100,31704000,100,6003000,-100,-10,-84,-10.5,23.5,3762.29,0,10.1,0,-52.2
90.24793388,26954000,20064000,98.24561,1.754386,0,1.754386,98.23038,100,0,0,0,100,100,0,0,0,100,0,0,0,100,31704000,100,6003000,-100,-10,-85,-10,23.5,3763.77,0,10.1,0,-52.2
90.74380165,26954000,20052000,98.83041,1.169591,0,1.169591,98.82025,100,0,0,0,100,100,0,0,0,100,0,0,0,100,31704000,100,6003000,-100,-10,-85,-10,23.5,3765.76,0,10.1,0,-52.2
91.23966942,26823000,20052000,98.24561,1.754386,0,1.754386,98.27435,100,0,0,0,100,100,0,0,0,100,0,0,0,100,31704000,100,6003000,-100,-10,-85,-10,23.5,3881.87,0,10.1,0,-52.2
91.73553719,26457000,20075000,96.91358,3.08642,0,3.08642,96.93339,100,0,0,0,100,100,0,0,0,100,0,0,0,100,31704000,100,6003000,-100,-10,-85,-10,23.5,3761.35,0,10.1,0,-52.2
92.23140496,27294000,20064000,100,0,0,0,100,100,0,0,0,100,100,0,0,0,100,0,0,0,100,31704000,100,6003000,-100,-10,-85,-10,23.5,3877.21,0,10.1,0,-52.2
92.72727273,27294000,20064000,100,0,0,0,100,100,0,0,0,100,100,0,0,0,100,0,0,0,100,31704000,100,6003000,-100,-10,-84,-10,23.5,3893.2,0,10.1,0,-52.2
93.2231405,27294000,20052000,100,0,0,0,100,100,0,0,0,100,100,0,0,0,100,0,0,0,100,31704000,100,6003000,-100,-10,-83,-10,23.5,3713.2,0,10.1,0,-52.2
93.71900826,27294000,20064000,100,0,0,0,100,100,0,0,0,100,100,0,0,0,100,0,0,0,100,31704000,100,6003000,-100,-10,-82,-10.5,23.5,3713.16,0,10.1,0,-52.2
94.21487603,27294000,20075000,100,0,0,0,100,100,0,0,0,100,100,0,0,0,100,0,0,0,100,31704000,100,6003000,-100,-10,-82,-10.5,23.5,3705.73,0,10.1,0,-52.2
94.7107438,27294000,20064000,100,0,0,0,100,100,0,0,0,100,100,0,0,0,100,0,0,0,100,31704000,100,6003000,-100,-10,-83,-10.5,23.5,3717.92,0,10.1,0,-52.2
95.20661157,27294000,20075000,100,0,0,0,100,100,0,0,0,100,100,0,0,0,100,0,0,0,100,31704000,100,6003000,-100,-10,-83,-10.5,23.5,3871.56,0,10.1,0,-52.2
95.70247934,27294000,20075000,100,0,0,0,100,100,0,0,0,100,100,0,0,0,100,0,0,0,100,31704000,100,6003000,-100,-10,-83,-10.5,23.5,3852.56,0,10.1,0,-52.2
96.19834711,27294000,20064000,100,0,0,0,100,100,0,0,0,100,100,0,0,0,100,0,0,0,100,31704000,100,6003000,-100,-10,-84,-10.5,23.5,3774.26,0,10.1,0,-52.2
96.69421488,27294000,20052000,100,0,0,0,100,100,0,0,0,100,100,0,0,0,100,0,0,0,100,31704000,100,6003000,-100,-10,-84,-10.5,23.5,3730.05,0,10.1,0,-52.2
97.19008264,27294000,20064000,100,0,0,0,100,100,0,0,0,100,100,0,0,0,100,0,0,0,100,31704000,100,6003000,-100,-10,-84,-10.5,23.5,3738.97,0,10.1,0,-52.2
97.68595041,27294000,20075000,100,0,0,0,100,100,0,0,0,100,100,0,0,0,100,0,0,0,100,31704000,100,6003000,-100,-10,-85,-10.5,23.5,3754.56,0,10.1,0,-52.2
98.18181818,27294000,20075000,100,0,0,0,100,100,0,0,0,100,100,0,0,0,100,0,0,0,100,31704000,100,6003000,-100,-10,-84,-10.5,23.5,3722.21,0,10.1,0,-52.2
98.67768595,27294000,20075000,100,0,0,0,100,100,0,0,0,100,100,0,0,0,100,0,0,0,100,31704000,100,6003000,-100,-10,-83,-10.5,23.5,3719.46,0,10.1,0,-52.2
99.17355372,26784000,20075000,98.14815,1.851852,0,1.851852,98.13146,100,0,0,0,100,100,0,0,0,100,0,0,0,100,31704000,100,6003000,-100,-10,-81,-10.5,23.5,3752.9,0,10.1,0,-52.2
99.66942149,27133000,20075000,99.44444,0.5555556,0,0.5555556,99.43944,100,0,0,0,100,100,0,0,0,100,0,0,0,100,31704000,100,6003000,-100,-10,-81,-10.5,23.5,3722.82,0,10.1,0,-52.2
100.1652893,26287000,20064000,95.90643,4.093567,0,4.093567,95.91485,100,0,0,0,100,100,0,0,0,100,0,0,0,100,31704000,100,6003000,-100,-10,-81,-10.5,23.5,3766.9,0,10.1,0,-52.2
100.661157,27133000,20075000,99.4152,0.5847953,0,0.5847953,99.41013,100,0,0,0,100,100,0,0,0,100,0,0,0,100,31704000,100,6003000,-100,-10,-81,-10.5,23.5,3774.02,0,10.1,0,-52.2
101.1570248,26797000,20064000,97.66082,2.339181,0,2.339181,97.68447,100,0,0,0,100,100,0,0,0,100,0,0,0,100,31704000,100,6003000,-100,-10,-82,-10.5,23.5,3746.63,0,10.1,0,-52.2
101.6528926,27124000,20064000,99.4152,0.5847953,0,0.5847953,99.41013,100,0,0,0,100,100,0,0,0,100,0,0,0,100,31704000,100,6003000,-100,-10,-82,-10,23.5,3727.87,0,10.1,0,-52.2
102.1487603,26784000,20064000,98.24561,1.169591,0.5847953,1.754386,98.23038,100,0,0,0,100,99,1,0,1,100,0,0,0,98.99697,31386000,100,6003000,-100,-10,-82,-10,23.5,3744.67,0,10.1,0,-52.2
102.6446281,27294000,20064000,100,0,0,0,100,100,0,0,0,100,100,0,0,0,100,0,0,0,100,31704000,100,6003000,-100,-10,-82,-10,23.5,3776.78,0,10.1,0,-52.2
103.1404959,27294000,20064000,100,0,0,0,100,100,0,0,0,100,100,0,0,0,100,0,0,0,100,31704000,100,6003000,-100,-10,-82,-10,23.5,3732.38,0,10.1,0,-52.2
103.6363636,27294000,20064000,100,0,0,0,100,100,0,0,0,100,100,0,0,0,100,0,0,0,100,31704000,100,6003000,-100,-10,-82,-10.5,23.5,3770.2,0,10.1,0,-52.2
104.1322314,27294000,20075000,100,0,0,0,100,100,0,0,0,100,100,0,0,0,100,0,0,0,100,31704000,100,6003000,-100,-10,-81,-10,23.5,3717.17,0,10.1,0,-52.2
104.6280992,27294000,20075000,100,0,0,0,100,100,0,0,0,100,100,0,0,0,100,0,0,0,100,31704000,100,6003000,-100,-10,-81,-10,23.5,3707.28,0,10.1,0,-52.2
105.1239669,27294000,20064000,100,0,0,0,100,100,0,0,0,100,100,0,0,0,100,0,0,0,100,31704000,100,6003000,-100,-10,-81,-10,23.5,3723.83,0,10.1,0,-52.2
105.6198347,27294000,20075000,100,0,0,0,100,100,0,0,0,100,100,0,0,0,100,0,0,0,100,31704000,100,6003000,-100,-10,-80,-10.5,23.5,3718.32,0,10.1,0,-52.2
106.1157025,27294000,20052000,100,0,0,0,100,100,0,0,0,100,100,0,0,0,100,0,0,0,100,31704000,100,6003000,-100,-10,-79,-10.5,23.5,3727.97,0,10.1,0,-52.2
106.6115702,27294000,20064000,100,0,0,0,100,100,0,0,0,100,100,0,0,0,100,0,0,0,100,31704000,100,6003000,-100,-10,-79,-10.5,23.5,3702.79,0,10.1,0,-52.2
107.107438,27294000,20064000,100,0,0,0,100,100,0,0,0,100,100,0,0,0,100,0,0,0,100,31704000,100,6003000,-100,-10,-80,-10.5,23.5,3702.86,0,10.1,0,-52.2
107.6033058,27294000,20064000,100,0,0,0,100,100,0,0,0,100,100,0,0,0,100,0,0,0,100,31704000,100,6003000,-100,-10,-81,-10.5,23.5,3714.34,0,10.1,0,-52.2
108.0991736,27294000,20064000,100,0,0,0,100,100,0,0,0,100,100,0,0,0,100,0,0,0,100,31704000,100,6003000,-100,-10,-80,-10.5,23.5,3696.52,0,10.1,0,-52.2
108.5950413,27294000,20064000,100,0,0,0,100,100,0,0,0,100,100,0,0,0,100,0,0,0,100,31704000,100,6003000,-100,-10,-80,-10.5,23.5,3715.79,0,10.1,0,-52.2
109.0909091,27294000,20052000,100,0,0,0,100,100,0,0,0,100,100,0,0,0,100,0,0,0,100,31704000,100,6003000,-100,-10,-80,-10.5,23.5,3722.68,0,10.1,0,-52.2
109.5867769,27294000,20064000,100,0,0,0,100,100,0,0,0,100,100,0,0,0,100,0,0,0,100,31704000,100,6003000,-100,-10,-80,-10.5,23.5,3723.84,0,10.1,0,-52.2
110.0826446,27294000,20064000,100,0,0,0,100,100,0,0,0,100,100,0,0,0,100,0,0,0,100,31704000,100,6003000,-100,-10,-81,-10.5,23.5,3758.41,0,10.1,0,-52.2
110.5785124,27294000,20064000,100,0,0,0,100,100,0,0,0,100,100,0,0,0,100,0,0,0,100,31704000,100,6003000,-99,-10,-82,-10.5,23.5,3734.97,0,10.1,0,-52.2
111.0743802,27124000,20064000,99.4152,0.5847953,0,0.5847953,99.41013,100,0,0,0,100,100,0,0,0,100,0,0,0,100,31704000,100,6003000,-99,-10,-82,-10.5,23.5,3735.71,0,10.1,0,-52.2
111.5702479,27294000,20075000,100,0,0,0,100,100,0,0,0,100,100,0,0,0,100,0,0,0,100,31704000,100,6003000,-99,-10,-82,-10.5,23.5,3865.43,0,10.1,0,-52.2
112.0661157,27294000,20052000,100,0,0,0,100,100,0,0,0,100,100,0,0,0,100,0,0,0,100,31704000,100,6003000,-99,-10,-82,-10.5,23.5,3718.71,0,10.1,0,-52.2
112.5619835,27294000,20064000,100,0,0,0,100,100,0,0,0,100,100,0,0,0,100,0,0,0,100,31704000,100,6003000,-99,-10,-82,-10.5,23.5,3718.37,0,10.1,0,-52.2
113.0578512,27294000,20064000,100,0,0,0,100,100,0,0,0,100,100,0,0,0,100,0,0,0,100,31704000,100,6003000,-99,-10,-82,-10.5,23.5,3735.1,0,10.1,0,-52.2
113.553719,27294000,20052000,100,0,0,0,100,100,0,0,0,100,100,0,0,0,100,0,0,0,100,31704000,100,6003000,-99,-10,-81,-10.5,23.5,3844.22,0,10.1,0,-52.2
114.0495868,27294000,20075000,100,0,0,0,100,100,0,0,0,100,100,0,0,0,100,0,0,0,100,31704000,100,6003000,-99,-10,-81,-10.5,23.5,3858.27,0,10.1,0,-52.2
114.5454545,27294000,20064000,100,0,0,0,100,100,0,0,0,100,100,0,0,0,100,0,0,0,100,31704000,100,6003000,-99,-10,-80,-10.5,23.5,3714.7,0,10.1,0,-52.2
115.0413223,27294000,20064000,100,0,0,0,100,100,0,0,0,100,100,0,0,0,100,0,0,0,100,31704000,100,6003000,-99,-10,-80,-10.5,23.5,3740.1,0,10.1,0,-52.2
115.5371901,27294000,20064000,100,0,0,0,100,100,0,0,0,100,100,0,0,0,100,0,0,0,100,31704000,100,6003000,-99,-10,-80,-10.5,23.5,3748.66,0,10.1,0,-52.2
116.0330579,27294000,20064000,100,0,0,0,100,100,0,0,0,100,100,0,0,0,100,0,0,0,100,31704000,100,6003000,-99,-10,-81,-10.5,23.5,3742.36,0,10.1,0,-52.2
116.5289256,27294000,20052000,100,0,0,0,100,100,0,0,0,100,100,0,0,0,100,0,0,0,100,31704000,100,6003000,-99,-10,-81,-10.5,23.5,3720.43,0,10.1,0,-52.2
117.0247934,27294000,20064000,100,0,0,0,100,100,0,0,0,100,100,0,0,0,100,0,0,0,100,31704000,100,6003000,-99,-10,-81,-10.5,23.5,3730.29,0,10.1,0,-52.2
117.5206612,27294000,20064000,100,0,0,0,100,100,0,0,0,100,100,0,0,0,100,0,0,0,100,31704000,100,6003000,-99,-10,-80,-10.5,23.5,3886.22,0,10.1,0,-52.2
118.0165289,27294000,20064000,100,0,0,0,100,100,0,0,0,100,100,0,0,0,100,0,0,0,100,31704000,100,6003000,-99,-10,-79,-10.5,23.5,3859.38,0,10.1,0,-52.2
118.5123967,27294000,19986000,100,0,0,0,100,99.66741,0.3325942,0,0.3325942,99.67086,100,0,0,0,100,0,0,0,100,31704000,100,6003000,-99,-10,-78,-10.5,23.5,3738.99,0,10.1,0,-52.2
119.0082645,27294000,20064000,100,0,0,0,100,100,0,0,0,100,100,0,0,0,100,0,0,0,100,31704000,100,6003000,-99,-10,-77,-10.5,23.5,3741.69,0,10.1,0,-52.2
119.5041322,27294000,20064000,100,0,0,0,100,100,0,0,0,100,100,0,0,0,100,0,0,0,100,31704000,100,6003000,-100,-10,-77,-10.5,23.5,3705.27,0,10.1,0,-52.2
120,27294000,20075000,100,0,0,0,100,100,0,0,0,100,100,0,0,0,100,0,0,0,100,31704000,100,6003000,-100,-10,-77,-10.5,23.5,3747.07,0,10.1,0,-52.2
120.4958678,27294000,20075000,100,0,0,0,100,100,0,0,0,100,100,0,0,0,100,0,0,0,100,31704000,100,6003000,-100,-10,-78,-10.5,23.5,3721.32,0,10.1,0,-52.2
120.9917355,27133000,20064000,99.4152,0.5847953,0,0.5847953,99.41013,100,0,0,0,100,100,0,0,0,100,0,0,0,100,31704000,100,6003000,-100,-10,-79,-10,23.5,3709.45,0,10.1,0,-52.2
121.4876033,27294000,20064000,100,0,0,0,100,100,0,0,0,100,100,0,0,0,100,0,0,0,100,31704000,100,6003000,-100,-10,-79,-10.5,23.5,3711.02,0,10.1,0,-52.2
121.9834711,27294000,20064000,100,0,0,0,100,100,0,0,0,100,100,0,0,0,100,0,0,0,100,31704000,100,6003000,-100,-10,-80,-10.5,23.5,3738.12,0,10.1,0,-52.2
122.4793388,27294000,20064000,100,0,0,0,100,100,0,0,0,100,100,0,0,0,100,0,0,0,100,31704000,100,6003000,-100,-10,-79,-10.5,23.5,3706.22,0,10.1,0,-52.2
122.9752066,27294000,20064000,100,0,0,0,100,100,0,0,0,100,100,0,0,0,100,0,0,0,100,31704000,100,6003000,-100,-10,-80,-10.5,23.5,3722.46,0,10.1,0,-52.2
123.4710744,27294000,20064000,100,0,0,0,100,100,0,0,0,100,100,0,0,0,100,0,0,0,100,31704000,100,6003000,-101,-10,-82,-10.5,23.5,3722.46,0,10.1,0,-52.2
123.9669421,27294000,20064000,100,0,0,0,100,100,0,0,0,100,100,0,0,0,100,0,0,0,100,31704000,100,6003000,-101,-10,-82,-10.5,23.5,3866.37,0,10.1,0,-52.2
124.4628099,27294000,20064000,100,0,0,0,100,100,0,0,0,100,100,0,0,0,100,0,0,0,100,31704000,100,6003000,-101,-10,-84,-10.5,23.5,3866.37,0,10.1,0,-52.2
124.9586777,27294000,20052000,100,0,0,0,100,100,0,0,0,100,100,0,0,0,100,0,0,0,100,31704000,100,6003000,-101,-10,-84,-10.5,23.5,3866.37,0,10.1,0,-52.2
125.4545455,27294000,20064000,100,0,0,0,100,100,0,0,0,100,100,0,0,0,100,0,0,0,100,31704000,100,6003000,-101,-10,-82,-10,23.5,3841.5,0,10.1,0,-52.2
125.9504132,27294000,20075000,100,0,0,0,100,100,0,0,0,100,100,0,0,0,100,0,0,0,100,31704000,100,6003000,-101,-10,-81,-10,23.5,3827.73,0,10.1,0,-52.2
126.446281,27294000,20075000,100,0,0,0,100,100,0,0,0,100,100,0,0,0,100,0,0,0,100,31704000,100,6003000,-101,-10,-80,-10,23.5,3823.3,0,10.1,0,-52.2
126.9421488,27294000,20064000,100,0,0,0,100,100,0,0,0,100,100,0,0,0,100,0,0,0,100,31704000,100,6003000,-101,-10,-79,-10,23.5,3854.07,0,10.1,0,-52.2
127.4380165,27294000,20064000,100,0,0,0,100,100,0,0,0,100,100,0,0,0,100,0,0,0,100,31704000,100,6003000,-101,-10,-79,-10,23.5,3851.18,0,10.1,0,-52.2
127.9338843,27294000,20064000,100,0,0,0,100,100,0,0,0,100,100,0,0,0,100,0,0,0,100,31704000,100,6003000,-101,-10,-79,-10,23.5,3853.45,0,10.1,0,-52.2
128.4297521,27294000,20052000,100,0,0,0,100,100,0,0,0,100,100,0,0,0,100,0,0,0,100,31704000,100,6003000,-101,-10,-79,-10,23.5,3880.3,0,10.1,0,-52.2
128.9256198,27294000,20064000,100,0,0,0,100,100,0,0,0,100,100,0,0,0,100,0,0,0,100,31704000,100,6003000,-101,-10,-78,-10,23.5,3865.84,0,10.1,0,-52.2
129.4214876,27294000,20052000,100,0,0,0,100,100,0,0,0,100,100,0,0,0,100,0,0,0,100,31704000,100,6003000,-101,-10,-78,-10,23.5,3869.48,0,10.1,0,-52.2
129.9173554,27294000,20052000,100,0,0,0,100,100,0,0,0,100,100,0,0,0,100,0,0,0,100,31704000,100,6003000,-101,-10,-78,-10,23.5,3861.96,0,10.1,0,-52.2
130.4132231,27294000,20064000,100,0,0,0,100,100,0,0,0,100,100,0,0,0,100,0,0,0,100,31704000,100,6003000,-100,-9.5,-77,-10,23.5,3867.86,0,10.1,0,-52.2
130.9090909,27294000,20064000,100,0,0,0,100,100,0,0,0,100,100,0,0,0,100,0,0,0,100,31704000,100,6003000,-100,-9.5,-76,-10.5,23.5,3864.27,0,10.1,0,-52.2
131.4049587,27294000,20064000,100,0,0,0,100,100,0,0,0,100,100,0,0,0,100,0,0,0,100,31704000,100,6003000,-100,-10,-77,-10.5,23.5,3849.44,0,10.1,0,-52.2
131.9008264,27294000,20052000,100,0,0,0,100,100,0,0,0,100,100,0,0,0,100,0,0,0,100,31704000,100,6003000,-100,-10,-76,-10.5,23.5,3859.41,0,10.1,0,-52.2
132.3966942,27294000,20075000,100,0,0,0,100,100,0,0,0,100,100,0,0,0,100,0,0,0,100,31704000,100,6003000,-100,-10,-77,-10.5,23.5,3844.43,0,10.1,0,-52.2
132.892562,27294000,20052000,100,0,0,0,100,99.88926,0.110742,0,0.110742,99.88543,100,0,0,0,100,0,0,0,100,31704000,100,6003000,-100,-10,-77,-10.5,23.5,3844.43,0,10.1,0,-52.2
133.3884298,27294000,19876000,100,0,0,0,100,99.11308,0.886918,0,0.886918,99.1173,100,0,0,0,100,0,0,0,100,31704000,100,6003000,-100,-10,-77,-10.5,23.5,3726.38,0,10.1,0,-52.2
133.8842975,27294000,20064000,100,0,0,0,100,100,0,0,0,100,100,0,0,0,100,0,0,0,100,31704000,100,6003000,-100,-10,-77,-10.5,23.5,3743.3,0,10.1,0,-52.2
134.3801653,27294000,20064000,100,0,0,0,100,100,0,0,0,100,100,0,0,0,100,0,0,0,100,31704000,100,6003000,-100,-10,-78,-10.5,23.5,3747.05,0,10.1,0,-52.2
134.8760331,27294000,20064000,100,0,0,0,100,100,0,0,0,100,100,0,0,0,100,0,0,0,100,31704000,100,6003000,-100,-10,-78,-10.5,23.5,3741,0,10.1,0,-52.2
135.3719008,27294000,20064000,100,0,0,0,100,100,0,0,0,100,100,0,0,0,100,0,0,0,100,31704000,100,6003000,-100,-10,-78,-10.5,23.5,3739.35,0,10.1,0,-52.2
135.8677686,27294000,20064000,100,0,0,0,100,100,0,0,0,100,100,0,0,0,100,0,0,0,100,31704000,100,6003000,-100,-10,-78,-10.5,23.5,3781.69,0,10.1,0,-52.2
136.3636364,27294000,20064000,100,0,0,0,100,100,0,0,0,100,100,0,0,0,100,0,0,0,100,31704000,100,6003000,-101,-10,-78,-10.5,23.5,3724.98,0,10.1,0,-52.2
136.8595041,27294000,20064000,100,0,0,0,100,100,0,0,0,100,100,0,0,0,100,0,0,0,100,31704000,100,6003000,-101,-10,-78,-10.5,23.5,3752.56,0,10.1,0,-52.2
137.3553719,27294000,20052000,100,0,0,0,100,100,0,0,0,100,100,0,0,0,100,0,0,0,100,31704000,100,6003000,-101,-10,-79,-10.5,23.5,3717.99,0,10.1,0,-52.2
137.8512397,27294000,20064000,100,0,0,0,100,100,0,0,0,100,100,0,0,0,100,0,0,0,100,31704000,100,6003000,-101,-10,-79,-10,23.5,3719.5,0,10.1,0,-52.2
138.3471074,27294000,20064000,100,0,0,0,100,100,0,0,0,100,100,0,0,0,100,0,0,0,100,31704000,100,6003000,-101,-10,-78,-10.5,23.5,3724.54,0,10.1,0,-52.2
138.8429752,27294000,20075000,100,0,0,0,100,100,0,0,0,100,100,0,0,0,99.67105,0.3289474,0,0.3289474,100,31704000,99.66683,5983000,-102,-9.5,-77,-10.5,23.5,3724.43,0,10.1,0,-52.2
139.338843,27294000,20008000,100,0,0,0,100,99.77827,0.2217295,0,0.2217295,99.78057,100,0,0,0,100,0,0,0,100,31704000,100,6003000,-102,-10,-76,-10.5,23.5,3728.9,0,10.1,0,-52.2
139.8347107,27294000,20008000,100,0,0,0,100,99.77827,0.2217295,0,0.2217295,99.78057,100,0,0,0,100,0,0,0,100,31704000,100,6003000,-102,-9.5,-76,-10.5,23.5,3738.62,0,10.1,0,-52.2
140.3305785,27294000,19899000,100,0,0,0,100,99.22395,0.7760532,0,0.7760532,99.22701,100,0,0,0,100,0,0,0,100,31704000,100,6003000,-103,-10,-76,-10.5,23.5,3752.71,0,10.1,0,-52.2
140.8264463,27294000,19923000,100,0,0,0,100,99.33555,0.3322259,0.3322259,0.6644518,99.3325,100,0,0,0,100,0,0,0,100,31704000,100,6003000,-103,-10,-76,-10.5,23.5,3752.92,0,10.1,0,-52.2
141.322314,27294000,19970000,100,0,0,0,100,99.55703,0.4429679,0,0.4429679,99.55666,100,0,0,0,100,0,0,0,100,31704000,100,6003000,-103,-10,-77,-10.5,23.5,3717.19,0,10.1,0,-52.2
141.8181818,27294000,19970000,100,0,0,0,100,99.53216,0.4678363,0,0.4678363,99.5315,100,0,0,0,100,0,0,0,100,31704000,100,6003000,-103,-10,-78,-10.5,23.5,3713.87,0,10.1,0,-52.2
142.3140496,27294000,20008000,100,0,0,0,100,99.77827,0.2217295,0,0.2217295,99.78057,100,0,0,0,100,0,0,0,100,31704000,100,6003000,-103,-10,-78,-10.5,23.5,3731.1,0,10.1,0,-52.2
142.8099174,27294000,20008000,100,0,0,0,100,99.77827,0.2217295,0,0.2217295,99.78057,100,0,0,0,100,0,0,0,100,31704000,100,6003000,-103,-10,-78,-10.5,23.5,3749.21,0,10.1,0,-52.2
143.3057851,27294000,20052000,100,0,0,0,100,100,0,0,0,100,100,0,0,0,100,0,0,0,100,31704000,100,6003000,-103,-10,-78,-10.5,23.5,3760.77,0,10.1,0,-52.2
143.8016529,27294000,20064000,100,0,0,0,100,100,0,0,0,100,100,0,0,0,100,0,0,0,100,31704000,100,6003000,-103,-10,-78,-10.5,23.5,3725.37,0,10.1,0,-52.2
144.2975207,27294000,20064000,100,0,0,0,100,100,0,0,0,100,100,0,0,0,100,0,0,0,100,31704000,100,6003000,-103,-9.5,-78,-10.5,23.5,3712.47,0,10.1,0,-52.2
144.7933884,27294000,20052000,100,0,0,0,100,100,0,0,0,100,100,0,0,0,100,0,0,0,100,31704000,100,6003000,-103,-10,-78,-10.5,23.5,3720.84,0,10.1,0,-52.2
145.2892562,27294000,20052000,100,0,0,0,100,100,0,0,0,100,100,0,0,0,100,0,0,0,100,31704000,100,6003000,-103,-10,-78,-10.5,23.5,3708.05,0,10.1,0,-52.2
145.785124,27294000,20064000,100,0,0,0,100,100,0,0,0,100,100,0,0,0,100,0,0,0,100,31704000,100,6003000,-103,-10,-79,-10.5,23.5,3721.84,0,10.1,0,-52.2
146.2809917,27294000,20075000,100,0,0,0,100,100,0,0,0,100,100,0,0,0,100,0,0,0,100,31704000,100,6003000,-103,-10,-80,-10.5,23.5,3717.27,0,10.1,0,-52.2
146.7768595,27294000,20075000,100,0,0,0,100,100,0,0,0,100,100,0,0,0,100,0,0,0,100,31704000,100,6003000,-103,-10,-81,-10.5,23.5,3714.77,0,10.1,0,-52.2
147.2727273,27294000,20076000,100,0,0,0,100,100,0,0,0,100,100,0,0,0,100,0,0,0,100,31704000,100,6003000,-103,-10,-81,-10.5,23.5,3710.66,0,10.1,0,-52.2
147.768595,27294000,20064000,100,0,0,0,100,100,0,0,0,100,100,0,0,0,100,0,0,0,100,31704000,100,6003000,-103,-10,-80,-10.5,23.5,3713.85,0,10.1,0,-52.2
148.2644628,27294000,20052000,100,0,0,0,100,100,0,0,0,100,100,0,0,0,100,0,0,0,100,31704000,100,6003000,-103,-10,-80,-10.5,23.5,3757.72,0,10.1,0,-52.2
148.7603306,27294000,20064000,100,0,0,0,100,100,0,0,0,100,100,0,0,0,100,0,0,0,100,31704000,100,6003000,-103,-10,-79,-10.5,23.5,3473.52,0,10.1,0,-52.2
149.2561983,27124000,20064000,99.4152,0.5847953,0,0.5847953,99.41013,100,0,0,0,100,100,0,0,0,99.67105,0.3289474,0,0.3289474,100,31704000,99.66683,5983000,-104,-10,-77,-10.5,23.5,3489.64,0,10.1,0,-52.2
149.7520661,27124000,20064000,99.4152,0.5847953,0,0.5847953,99.41013,100,0,0,0,100,100,0,0,0,100,0,0,0,100,31704000,100,6003000,-104,-10,-77,-10.5,23.5,3490.81,0,10.1,0,-52.2
150.2479339,27133000,20017000,99.4152,0.5847953,0,0.5847953,99.41013,99.77827,0.2217295,0,0.2217295,99.78057,100,0,0,0,100,0,0,0,100,31704000,100,6003000,-104,-10,-76,-10,23.5,3450.88,0,10.1,0,-52.2
150.7438017,27294000,20064000,100,0,0,0,100,100,0,0,0,100,100,0,0,0,100,0,0,0,100,31704000,100,6003000,-105,-10,-75,-10.5,23.5,3457.88,0,10.1,0,-52.2
151.2396694,27294000,20064000,100,0,0,0,100,100,0,0,0,100,100,0,0,0,100,0,0,0,100,31704000,100,6003000,-105,-10,-74,-10.5,23.5,3458.15,0,10.1,0,-52.2
151.7355372,27294000,20064000,100,0,0,0,100,100,0,0,0,100,100,0,0,0,100,0,0,0,100,31704000,100,6003000,-105,-10,-74,-10.5,23.5,3460.81,0,10.1,0,-52.2
152.231405,27294000,20064000,100,0,0,0,100,100,0,0,0,100,100,0,0,0,100,0,0,0,100,31704000,100,6003000,-105,-10,-74,-10.5,23.5,3485.2,0,10.1,0,-52.2
152.7272727,27294000,20075000,100,0,0,0,100,100,0,0,0,100,100,0,0,0,99.67105,0.3289474,0,0.3289474,100,31704000,99.66683,5983000,-105,-10,-74,-10.5,23.5,3485.2,0,10.1,0,-52.2
153.2231405,27294000,20017000,100,0,0,0,100,99.77852,0.2214839,0,0.2214839,99.77584,100,0,0,0,100,0,0,0,100,31704000,100,6003000,-106,-10,-75,-10.5,23.5,3448.75,0,10.1,0,-52.2
153.7190083,27133000,20042000,99.44444,0.5555556,0,0.5555556,99.43944,99.89474,0.1052632,0,0.1052632,99.89035,100,0,0,0,100,0,0,0,100,31704000,100,6003000,-106,-10,-76,-10.5,23.5,3466.91,0,10.1,0,-52.2
154.214876,27294000,20064000,100,0,0,0,100,100,0,0,0,100,100,0,0,0,100,0,0,0,100,31704000,100,6003000,-106,-10,-77,-10.5,23.5,3473.97,0,10.1,0,-52.2
154.7107438,27294000,20064000,100,0,0,0,100,100,0,0,0,100,100,0,0,0,100,0,0,0,100,31704000,100,6003000,-106,-10,-78,-10,23.5,3475.83,0,10.1,0,-52.2
155.2066116,27294000,20075000,100,0,0,0,100,100,0,0,0,100,100,0,0,0,100,0,0,0,100,31704000,100,6003000,-106,-10,-78,-10,23.5,3462.23,0,10.1,0,-52.2
155.7024793,27294000,20064000,100,0,0,0,100,100,0,0,0,100,100,0,0,0,99.67105,0.3289474,0,0.3289474,100,31704000,99.66683,5983000,-106,-10,-78,-10,23.5,3451.04,0,10.1,0,-52.2
156.1983471,27294000,20064000,100,0,0,0,100,100,0,0,0,100,100,0,0,0,99.67105,0.3289474,0,0.3289474,100,31704000,99.66683,5983000,-106,-10,-78,-10,23.5,3466.79,0,10.1,0,-52.2
156.6942149,27294000,19963000,100,0,0,0,100,99.57895,0.4210526,0,0.4210526,99.57636,100,0,0,0,100,0,0,0,100,31704000,100,6003000,-107,-10,-77,-10,23.5,3358.35,0,10.1,0,-52.2
157.1900826,27294000,20052000,100,0,0,0,100,100,0,0,0,100,100,0,0,0,100,0,0,0,100,31704000,100,6003000,-107,-10,-77,-10,23.5,3382.31,0,10.1,0,-52.2
157.6859504,27133000,20064000,99.4152,0.5847953,0,0.5847953,99.41013,100,0,0,0,100,100,0,0,0,100,0,0,0,100,31704000,100,6003000,-107,-10,-77,-10,23.5,3363.63,0,10.1,0,-52.2
158.1818182,26797000,20052000,98.14815,1.851852,0,1.851852,98.17909,100,0,0,0,100,100,0,0,0,100,0,0,0,100,31704000,100,6003000,-107,-10,-78,-10,23.5,3352.63,0,10.1,0,-52.2
158.677686,27133000,20052000,99.44444,0.5555556,0,0.5555556,99.43944,100,0,0,0,100,100,0,0,0,100,0,0,0,100,31704000,100,6003000,-107,-10,-78,-10,23.5,3383.39,0,10.1,0,-52.2
159.1735537,27124000,20064000,99.4152,0.5847953,0,0.5847953,99.41013,100,0,0,0,100,100,0,0,0,100,0,0,0,100,31704000,100,6003000,-107,-10,-79,-10.5,23.5,3344.78,0,10.1,0,-52.2
159.6694215,27294000,20064000,100,0,0,0,100,100,0,0,0,100,100,0,0,0,100,0,0,0,100,31704000,100,6003000,-107,-10,-80,-10.5,23.5,3397.82,0,10.1,0,-52.2
160.1652893,27294000,20064000,100,0,0,0,100,100,0,0,0,100,100,0,0,0,100,0,0,0,100,31704000,100,6003000,-107,-10,-80,-10.5,23.5,3381.71,0,10.1,0,-52.2
160.661157,27294000,20075000,100,0,0,0,100,100,0,0,0,100,100,0,0,0,100,0,0,0,100,31704000,100,6003000,-108,-10,-80,-10,23.5,3351.07,0,10.1,0,-52.2
161.1570248,27124000,20064000,99.4152,0.5847953,0,0.5847953,99.41013,100,0,0,0,100,100,0,0,0,100,0,0,0,100,31704000,100,6003000,-108,-10,-79,-10,23.5,3374.73,0,10.1,0,-52.2
161.6528926,26784000,20075000,98.14815,1.851852,0,1.851852,98.13146,100,0,0,0,100,100,0,0,0,100,0,0,0,100,31704000,100,6003000,-108,-10,-77,-10,23.5,3357.09,0,10.1,0,-52.2
162.1487603,26972000,19852000,98.83041,1.169591,0,1.169591,98.82025,98.89258,1.10742,0,1.10742,98.88917,100,0,0,0,99.67105,0.3289474,0,0.3289474,100,31704000,99.66683,5983000,-108,-10,-76,-10,23.5,3362.6,0,10.1,0,-52.2
162.6446281,27124000,19500000,99.4152,0.5847953,0,0.5847953,99.41013,97.19298,2.45614,0.3508772,2.807018,97.189,100,0,0,0,98.02632,1.973684,0,1.973684,100,31704000,98.01766,5884000,-108,-10,-76,-10.5,23.5,3403.77,0,10.1,0,-52.2
163.1404959,27133000,19385000,99.44444,0.5555556,0,0.5555556,99.43944,96.84211,2.210526,0.9473684,3.157895,96.84011,100,0,0,0,98.35526,1.644737,0,1.644737,100,31704000,98.35082,5904000,-108,-10,-75,-10.5,23.5,3356.54,0,10.1,0,-52.2
163.6363636,27294000,19096000,100,0,0,0,100,95.23282,4.101996,0.6651885,4.767184,95.2324,100,0,0,0,94.73684,5.263158,0,5.263158,100,31704000,94.73597,5687000,-108,-10,-75,-10.5,23.5,3369.02,0,10.1,0,-52.2
164.1322314,26954000,19125000,98.83041,1.169591,0,1.169591,98.82025,95.34368,3.658537,0.9977827,4.656319,95.3471,100,0,0,0,96.71053,3.289474,0,3.289474,100,31704000,96.70165,5805000,-108,-10,-74,-10.5,23.5,3384.54,0,10.1,0,-52.2
164.6280992,26984000,19383000,98.83041,1.169591,0,1.169591,98.86422,96.78492,1.884701,1.330377,3.215078,96.78835,100,0,0,0,98.68421,1.315789,0,1.315789,100,31704000,98.68399,5924000,-109,-10,-74,-10.5,23.5,3354.32,0,10.1,0,-52.2
165.1239669,26179000,19430000,95.90643,4.093567,0,4.093567,95.91485,97.00665,2.993348,0,2.993348,97.00778,100,0,0,0,96.38158,3.618421,0,3.618421,100,31704000,96.36848,5785000,-109,-10,-74,-10.5,23.5,3390.3,0,10.1,0,-52.2
165.6198347,26984000,20017000,98.83041,1.169591,0,1.169591,98.86422,99.77827,0.2217295,0,0.2217295,99.78057,100,0,0,0,100,0,0,0,100,31704000,100,6003000,-109,-10,-74,-10.5,23.5,3360.14,0,10.1,0,-52.2
166.1157025,26340000,20064000,96.49123,3.508772,0,3.508772,96.50473,100,0,0,0,100,100,0,0,0,100,0,0,0,100,31704000,100,6003000,-108,-10,-75,-10.5,23.5,3358.64,0,10.1,0,-52.2
166.6115702,26972000,20075000,98.88889,1.111111,0,1.111111,98.87887,100,0,0,0,100,100,0,0,0,100,0,0,0,100,31704000,100,6003000,-108,-10,-75,-10.5,23.5,3371.31,0,10.1,0,-52.2
167.107438,26191000,20075000,95.90643,4.093567,0,4.093567,95.95882,100,0,0,0,100,100,0,0,0,100,0,0,0,100,31704000,100,6003000,-108,-10,-76,-10.5,23.5,3352.02,0,10.1,0,-52.2
167.6033058,26614000,20064000,97.66082,2.339181,0,2.339181,97.64051,100,0,0,0,100,100,0,0,0,100,0,0,0,100,31704000,100,6003000,-108,-10,-76,-10,23.5,3375.04,0,10.1,0,-52.2
168.0991736,26784000,20064000,97.66082,2.339181,0,2.339181,97.64051,100,0,0,0,100,100,0,0,0,100,0,0,0,100,31704000,100,6003000,-108,-10,-76,-10,23.5,3356.64,0,10.1,0,-52.2
168.5950413,26340000,20064000,96.49123,3.508772,0,3.508772,96.50473,100,0,0,0,100,100,0,0,0,100,0,0,0,100,31704000,100,6003000,-107,-10,-76,-10,23.5,3352.86,0,10.1,0,-52.2
169.0909091,26627000,20064000,97.66082,2.339181,0,2.339181,97.68447,100,0,0,0,100,100,0,0,0,100,0,0,0,100,31704000,100,6003000,-107,-10,-76,-10.5,23.5,3274.77,0,10.1,0,-52.2
169.5867769,26784000,20075000,98.14815,1.851852,0,1.851852,98.13146,100,0,0,0,100,100,0,0,0,100,0,0,0,100,31704000,100,6003000,-106,-10,-76,-10.5,23.5,3271.37,0,10.1,0,-52.2
170.0826446,26377000,20075000,96.66667,3.333333,0,3.333333,96.64029,100,0,0,0,100,100,0,0,0,100,0,0,0,100,31704000,100,6003000,-106,-10,-77,-10.5,23.5,3291.77,0,10.1,0,-52.2
170.5785124,26811000,20064000,98.24561,1.754386,0,1.754386,98.23038,100,0,0,0,100,100,0,0,0,100,0,0,0,100,31704000,100,6003000,-105,-10,-77,-10.5,23.5,3295.43,0,10.1,0,-52.2
171.0743802,26117000,20052000,95.90643,4.093567,0,4.093567,95.91485,100,0,0,0,100,100,0,0,0,100,0,0,0,100,31704000,100,6003000,-104,-10,-78,-10.5,23.5,3286.17,0,10.1,0,-52.2
171.5702479,26972000,20064000,98.83041,1.169591,0,1.169591,98.82025,100,0,0,0,100,100,0,0,0,100,0,0,0,100,31704000,100,6003000,-104,-10,-78,-10.5,23.5,3281.08,0,10.1,0,-52.2
172.0661157,25620000,20064000,92.98246,5.847953,1.169591,7.017544,93.05342,100,0,0,0,100,98.46939,1.530612,0,1.530612,100,0,0,0,98.47114,30594000,100,6003000,-104,-10,-78,-10.5,23.5,3286.88,0,10.1,0,-52.2
172.5619835,26614000,20064000,97.66082,2.339181,0,2.339181,97.64051,100,0,0,0,100,100,0,0,0,100,0,0,0,100,31704000,100,6003000,-103,-9.5,-77,-10.5,23.5,3264.24,0,10.1,0,-52.2
173.0578512,26275000,20064000,95.32164,4.678363,0,4.678363,95.32498,100,0,0,0,100,100,0,0,0,100,0,0,0,100,31704000,100,6003000,-103,-10,-77,-10.5,23.5,3207.04,0,10.1,0,-52.2
173.553719,26972000,19993000,98.83041,1.169591,0,1.169591,98.82025,99.66777,0.3322259,0,0.3322259,99.66625,100,0,0,0,99.67105,0.3289474,0,0.3289474,100,31704000,99.66683,5983000,-103,-9.5,-76,-10.5,23.5,3171.02,0,10.1,0,-52.2
174.0495868,25960000,20064000,93.56725,6.432749,0,6.432749,93.59933,100,0,0,0,100,100,0,0,0,100,0,0,0,100,31704000,100,6003000,-103,-10,-76,-10,23.5,3134.66,0,10.1,0,-52.2
174.5454545,26797000,20064000,98.24561,1.754386,0,1.754386,98.27435,100,0,0,0,100,100,0,0,0,100,0,0,0,100,31704000,100,6003000,-102,-9.5,-76,-10.5,23.5,3130.32,0,10.1,0,-52.2
175.0413223,25463000,20064000,93.56725,6.432749,0,6.432749,93.64329,100,0,0,0,100,100,0,0,0,100,0,0,0,100,31704000,100,6003000,-102,-10,-76,-10.5,23.5,3148.99,0,10.1,0,-52.2
175.5371901,26811000,20064000,98.24561,1.754386,0,1.754386,98.23038,100,0,0,0,100,100,0,0,0,100,0,0,0,100,31704000,100,6003000,-102,-9.5,-76,-10.5,23.5,3134.04,0,10.1,0,-52.2
176.0330579,26797000,20064000,97.66082,2.339181,0,2.339181,97.68447,100,0,0,0,100,100,0,0,0,100,0,0,0,100,31704000,100,6003000,-102,-10,-76,-10.5,23.5,3139.11,0,10.1,0,-52.2
176.5289256,26501000,20052000,97.22222,2.777778,0,2.777778,97.24115,100,0,0,0,100,100,0,0,0,100,0,0,0,100,31704000,100,6003000,-102,-10,-76,-10.5,23.5,3164.86,0,10.1,0,-52.2
177.0247934,26117000,20064000,95.67901,4.320988,0,4.320988,95.6877,100,0,0,0,100,100,0,0,0,100,0,0,0,100,31704000,100,6003000,-102,-10,-76,-10.5,23.5,3143.86,0,10.1,0,-52.2
177.5206612,26797000,20064000,98.24561,1.754386,0,1.754386,98.27435,100,0,0,0,100,100,0,0,0,99.67105,0.3289474,0,0.3289474,100,31704000,99.66683,5983000,-103,-9.5,-77,-10.5,23.5,3156.58,0,10.1,0,-52.2
178.0165289,27294000,20064000,100,0,0,0,100,99.88914,0.1108647,0,0.1108647,99.89029,100,0,0,0,100,0,0,0,100,31704000,100,6003000,-104,-9.5,-78,-10.5,23.5,3134.34,0,10.1,0,-52.2
178.5123967,27294000,20064000,100,0,0,0,100,100,0,0,0,100,100,0,0,0,100,0,0,0,100,31704000,100,6003000,-100,-9.5,-79,-10.5,23.5,3176.05,0,10.1,0,-52.2
